station_id,name,lat,lon,num_bikes_available,capacity,occupation_rate,availability_score,bikes_per_dock,cluster,is_low_availability,distrito_nome,populacao_distrito,renda_media_distrito,densidade_distrito,lr_predicted,lr_residuals
1,1 - Largo da Batata,-23.5668309564147,-46.6937412022694,64,83,0.7710843373493976,0.22891566265060237,0.7710843373493976,-1,False,Pinheiros,65364,8500,6536.4,1.4172493684297591,-0.6461650310803615
3,3 - CPTM Pinheiros,-23.5664776214954,-46.7012582819428,9,15,0.6,0.4,0.6,-1,False,Pinheiros,65364,8500,6536.4,1.4172493684297591,-0.8172493684297591
4,4 - Rua Diogo Moreira,-23.5691446194095,-46.6920025786078,15,23,0.6521739130434783,0.34782608695652173,0.6521739130434783,-1,False,Pinheiros,65364,8500,6536.4,1.4172493684297591,-0.7650754553862809
5,5 - Chicão Vive,-23.56903870952971,-46.6973044204905,9,11,0.8181818181818182,0.18181818181818177,0.8181818181818182,-1,False,Pinheiros,65364,8500,6536.4,1.4172493684297591,-0.5990675502479409
6,6 - Rua Manduri,-23.5721366373874,-46.6901067804038,13,19,0.6842105263157895,0.3157894736842105,0.6842105263157895,-1,False,Pinheiros,65364,8500,6536.4,1.4172493684297591,-0.7330388421139696
7,7 - Praça Joaquim Roberto,-23.5725441757412,-46.6936810045059,3,19,0.15789473684210525,0.8421052631578947,0.15789473684210525,-1,True,Pinheiros,65364,8500,6536.4,1.4172493684297591,-1.2593546315876538
9,9 - Rua Grécia,-23.575610896422,-46.6873608611159,1,15,0.06666666666666667,0.9333333333333333,0.06666666666666667,-1,True,Pinheiros,65364,8500,6536.4,1.4172493684297591,-1.3505827017630925
10,10 - Rua Campo Verde,-23.5746792860054,-46.6893026745285,0,19,0.0,1.0,0.0,-1,True,Pinheiros,65364,8500,6536.4,1.4172493684297591,-1.4172493684297591
12,12 - Largo da Batata II,-23.5661641536793,-46.6939591666242,33,35,0.9428571428571428,0.05714285714285716,0.9428571428571428,-1,False,Pinheiros,65364,8500,6536.4,1.4172493684297591,-0.4743922255726163
13,13 - Esporte Clube Pinheiros Funcionários,-23.5795958800921,-46.6906372471165,12,23,0.5217391304347826,0.4782608695652174,0.5217391304347826,-1,False,Pinheiros,65364,8500,6536.4,1.4172493684297591,-0.8955102379949765
14,14 - Museu da Casa Brasileira,-23.5808802329648,-46.6847086015679,2,17,0.11764705882352941,0.8823529411764706,0.11764705882352941,0,True,Itaim Bibi,81456,12000,8145.6,-1.5734870756585242,1.6911341344820536
15,15 - Rua Prof. Artur Ramos,-23.5824196171547,-46.6870353144305,0,19,0.0,1.0,0.0,0,True,Itaim Bibi,81456,12000,8145.6,-1.5734870756585242,1.5734870756585242
16,16 - Esporte Clube Pinheiros ,-23.5823017032445,-46.6912872947886,6,19,0.3157894736842105,0.6842105263157895,0.3157894736842105,-1,False,Itaim Bibi,81456,12000,8145.6,-1.5734870756585242,1.8892765493427346
17,17 - Rua José Gonçalves de Oliveira,-23.584681022117113,-46.68358637011905,2,15,0.13333333333333333,0.8666666666666667,0.13333333333333333,0,True,Itaim Bibi,81456,12000,8145.6,-1.5734870756585242,1.7068204089918575
18,18 - Itaú Faria Lima,-23.5866957209891,-46.6839182197003,2,23,0.08695652173913043,0.9130434782608696,0.08695652173913043,0,True,Itaim Bibi,81456,12000,8145.6,-1.5734870756585242,1.6604435973976546
19,19 - Av. Dr. Cardoso de Melo,-23.5957237516205,-46.6907050831378,12,15,0.8,0.19999999999999996,0.8,-1,False,Vila Olímpia,39485,11500,3948.5,-0.10867651531726685,0.9086765153172669
20,20 - CPTM Cidade Jardim,-23.583993934924454,-46.689837707270826,10,19,0.5263157894736842,0.4736842105263158,0.5263157894736842,-1,False,Vila Olímpia,39485,11500,3948.5,-0.10867651531726685,0.634992304790951
21,21 - Parque do Povo Portão 1,-23.5890444167307,-46.6882179128703,12,23,0.5217391304347826,0.4782608695652174,0.5217391304347826,-1,False,Vila Olímpia,39485,11500,3948.5,-0.10867651531726685,0.6304156457520494
22,22 - Rua Leopoldo Couto,-23.5892048894301,-46.683922812607,0,15,0.0,1.0,0.0,0,True,Vila Olímpia,39485,11500,3948.5,-0.10867651531726685,0.10867651531726685
23,23 - CPTM Vila Olímpia,-23.5939175701022,-46.6912681158608,21,47,0.44680851063829785,0.5531914893617021,0.44680851063829785,-1,False,Vila Olímpia,39485,11500,3948.5,-0.10867651531726685,0.5554850259555647
24,24 - Rua Funchal,-23.5926646139517,-46.6880574172455,3,19,0.15789473684210525,0.8421052631578947,0.15789473684210525,-1,True,Vila Olímpia,39485,11500,3948.5,-0.10867651531726685,0.2665712521593721
25,25 - Rua Helena,-23.592760580122647,-46.684488160713194,6,19,0.3157894736842105,0.6842105263157895,0.3157894736842105,-1,False,Vila Olímpia,39485,11500,3948.5,-0.10867651531726685,0.42446598900147736
26,26 - Praça Pierre Germayel,-23.595471393840594,-46.68321603623269,1,23,0.043478260869565216,0.9565217391304348,0.043478260869565216,0,True,Vila Olímpia,39485,11500,3948.5,-0.10867651531726685,0.15215477618683207
27,27 - Rua Min. Jesuíno Cardoso,-23.5925,-46.68132,0,35,0.0,1.0,0.0,0,True,Vila Olímpia,39485,11500,3948.5,-0.10867651531726685,0.10867651531726685
28,28 - Rua Comendador Miguel Calfat,-23.5933504143939,-46.6770266849259,5,15,0.3333333333333333,0.6666666666666667,0.3333333333333333,-1,False,Vila Olímpia,39485,11500,3948.5,-0.10867651531726685,0.44200984865060017
30,30 - Bandeira Paulista,-23.5902983608513,-46.6737765059991,0,19,0.0,1.0,0.0,0,True,Itaim Bibi,81456,12000,8145.6,-1.5734870756585242,1.5734870756585242
32,32 - Ibirapuera Portão 07,-23.5904191029121,-46.6659155439702,2,15,0.13333333333333333,0.8666666666666667,0.13333333333333333,-1,True,Itaim Bibi,81456,12000,8145.6,-1.5734870756585242,1.7068204089918575
33,33 - Ibirapuera Portão 08,-23.5880294812907,-46.6654595024922,6,19,0.3157894736842105,0.6842105263157895,0.3157894736842105,-1,False,Itaim Bibi,81456,12000,8145.6,-1.5734870756585242,1.8892765493427346
35,35 - Rua Benedito Lapin,-23.5872880300388,-46.6730159471865,4,23,0.17391304347826086,0.8260869565217391,0.17391304347826086,0,True,Itaim Bibi,81456,12000,8145.6,-1.5734870756585242,1.7474001191367852
36,36 - E.E. Aristides de Castro,-23.58689,-46.67548,2,15,0.13333333333333333,0.8666666666666667,0.13333333333333333,0,True,Itaim Bibi,81456,12000,8145.6,-1.5734870756585242,1.7068204089918575
37,37 - Edifício Infinity,-23.5876426356319,-46.679125355911,2,19,0.10526315789473684,0.8947368421052632,0.10526315789473684,0,True,Itaim Bibi,81456,12000,8145.6,-1.5734870756585242,1.6787502335532611
40,40 - Brasília,-23.5836480572258,-46.6720676960475,2,11,0.18181818181818182,0.8181818181818181,0.18181818181818182,0,True,Itaim Bibi,81456,12000,8145.6,-1.5734870756585242,1.755305257476706
44,44 - Ibirapuera Portão 09,-23.5786981592082,-46.6601881480506,12,19,0.631578947368421,0.368421052631579,0.631578947368421,-1,False,Itaim Bibi,81456,12000,8145.6,-1.5734870756585242,2.205066023026945
47,47 - Suzano,-23.5787313776399,-46.6705247776249,4,11,0.36363636363636365,0.6363636363636364,0.36363636363636365,-1,False,Itaim Bibi,81456,12000,8145.6,-1.5734870756585242,1.9371234392948877
48,48 - Itacema,-23.5795039033974,-46.6732522004535,1,15,0.06666666666666667,0.9333333333333333,0.06666666666666667,0,True,Itaim Bibi,81456,12000,8145.6,-1.5734870756585242,1.6401537423251908
50,50 - Rua André Fernandes,-23.582404103589724,-46.68139126722924,6,15,0.4,0.6,0.4,-1,False,Itaim Bibi,81456,12000,8145.6,-1.5734870756585242,1.9734870756585243
53,53 - Google São Paulo,-23.5871323494481,-46.6820977165766,0,15,0.0,1.0,0.0,0,True,Itaim Bibi,81456,12000,8145.6,-1.5734870756585242,1.5734870756585242
59,59 - EBAC,-23.5561973682702,-46.6926703781386,1,19,0.05263157894736842,0.9473684210526316,0.05263157894736842,-1,True,Pinheiros,65364,8500,6536.4,1.4172493684297591,-1.3646177894823908
69,69 - Oscar Freire,-23.5657634935473,-46.6660490874622,3,15,0.2,0.8,0.2,-1,True,Vila Madalena,48501,7200,4850.1,2.812799793762065,-2.612799793762065
71,71 - Pamplona,-23.5699175975531,-46.6596995408145,3,15,0.2,0.8,0.2,-1,True,Bela Vista,63190,6200,6319.0,3.1628822441928426,-2.9628822441928424
73,73 - Ginásio Ibirapuera,-23.5770321440522,-46.6564518396582,4,19,0.21052631578947367,0.7894736842105263,0.21052631578947367,-1,True,Bela Vista,63190,6200,6319.0,3.1628822441928426,-2.952355928403369
75,75 - Viaduto Tutóia,-23.5803036309472,-46.6504327496116,3,11,0.2727272727272727,0.7272727272727273,0.2727272727272727,-1,False,Bela Vista,63190,6200,6319.0,3.1628822441928426,-2.89015497146557
76,76 - 8° Batalhão,-23.5742984595697,-46.6540400716306,12,15,0.8,0.19999999999999996,0.8,-1,False,Bela Vista,63190,6200,6319.0,3.1628822441928426,-2.3628822441928428
77,77 - Alameda J. Eugênio de Lima,-23.570389641893,-46.6553101677443,0,11,0.0,1.0,0.0,-1,True,Bela Vista,63190,6200,6319.0,3.1628822441928426,-3.1628822441928426
83,83 - Augusta,-23.562835912553,-46.6649115916232,1,15,0.06666666666666667,0.9333333333333333,0.06666666666666667,-1,True,Consolação,57365,7500,5736.5,2.360700773354271,-2.294034106687604
85,85 - Praça do Ciclista,-23.55595,-46.66266,3,15,0.2,0.8,0.2,-1,True,Consolação,57365,7500,5736.5,2.360700773354271,-2.1607007733542707
86,86 - Shopping Center 3,-23.55842,-46.65961,9,19,0.47368421052631576,0.5263157894736843,0.47368421052631576,-1,False,Consolação,57365,7500,5736.5,2.360700773354271,-1.8870165628279552
87,87 - Parque Prefeito Mário Covas,-23.560031477862115,-46.65778968894957,6,17,0.35294117647058826,0.6470588235294117,0.35294117647058826,-1,False,Bela Vista,63190,6200,6319.0,3.1628822441928426,-2.8099410677222543
90,90 - Alameda Campinas,-23.5645728749771,-46.6523898406747,0,23,0.0,1.0,0.0,-1,True,Bela Vista,63190,6200,6319.0,3.1628822441928426,-3.1628822441928426
91,91 - Paulista 778,-23.5658479,-46.651722,1,11,0.09090909090909091,0.9090909090909091,0.09090909090909091,-1,True,Bela Vista,63190,6200,6319.0,3.1628822441928426,-3.0719731532837518
92,92 - Metrô Brigadeiro,-23.5681059122191,-46.6486743523506,4,15,0.26666666666666666,0.7333333333333334,0.26666666666666666,-1,False,Bela Vista,63190,6200,6319.0,3.1628822441928426,-2.896215577526176
95,95 - R. Manoel da Nóbrega ,-23.5681587220928,-46.6489777696966,0,7,0.0,1.0,0.0,-1,True,Bela Vista,63190,6200,6319.0,3.1628822441928426,-3.1628822441928426
100,100 - Itaú Cultural,-23.5703654,-46.6458822,0,19,0.0,1.0,0.0,-1,True,Bela Vista,63190,6200,6319.0,3.1628822441928426,-3.1628822441928426
101,101 - Praça Gen. Gentil Falcão,-23.6049435587906,-46.6949615662523,9,11,0.8181818181818182,0.18181818181818177,0.8181818181818182,-1,False,Brooklin,91894,9200,9189.4,0.20942384796646973,0.6087579702153485
102,102 - Rua James Watt,-23.6118685865358,-46.694953329576,0,23,0.0,1.0,0.0,-1,True,Brooklin,91894,9200,9189.4,0.20942384796646973,-0.20942384796646973
103,103 - Rua Hans Oersted,-23.6089863999008,-46.6944769361133,1,23,0.043478260869565216,0.9565217391304348,0.043478260869565216,-1,True,Brooklin,91894,9200,9189.4,0.20942384796646973,-0.16594558709690452
105,105 - Praça João Duran Alonso,-23.60238086265165,-46.6922235665003,3,15,0.2,0.8,0.2,-1,True,Brooklin,91894,9200,9189.4,0.20942384796646973,-0.009423847966469723
112,112 - R. Lee de Forest,-23.6121427531147,-46.6957413582252,2,15,0.13333333333333333,0.8666666666666667,0.13333333333333333,-1,True,Brooklin,91894,9200,9189.4,0.20942384796646973,-0.0760905146331364
114,114 - Rua Alvorada,-23.6013159108738,-46.68170564666,11,15,0.7333333333333333,0.2666666666666667,0.7333333333333333,-1,False,Vila Olímpia,39485,11500,3948.5,-0.10867651531726685,0.8420098486506001
115,115 - Praça Procópio Ferreira,-23.6001574646657,-46.6894766023497,10,19,0.5263157894736842,0.4736842105263158,0.5263157894736842,-1,False,Vila Olímpia,39485,11500,3948.5,-0.10867651531726685,0.634992304790951
117,117 - Cubo Itaú,-23.5966593672495,-46.6865907226439,11,23,0.4782608695652174,0.5217391304347826,0.4782608695652174,-1,False,Vila Olímpia,39485,11500,3948.5,-0.10867651531726685,0.5869373848824843
118,118 - Rua Júlio Diniz,-23.5977973921346,-46.6840348376308,12,19,0.631578947368421,0.368421052631579,0.631578947368421,-1,False,Vila Olímpia,39485,11500,3948.5,-0.10867651531726685,0.7402554626856879
119,119 - Rua Quatá,-23.5970325358107,-46.6804311376391,2,11,0.18181818181818182,0.8181818181818181,0.18181818181818182,0,True,Vila Olímpia,39485,11500,3948.5,-0.10867651531726685,0.2904946971354487
120,120 - Rua Gomes de Carvalho,-23.5997736418236,-46.6795527222334,5,19,0.2631578947368421,0.736842105263158,0.2631578947368421,-1,False,Vila Olímpia,39485,11500,3948.5,-0.10867651531726685,0.37183441005410894
121,121 - Insper,-23.5978131886461,-46.6776630781739,8,23,0.34782608695652173,0.6521739130434783,0.34782608695652173,-1,False,Vila Olímpia,39485,11500,3948.5,-0.10867651531726685,0.4565026022737886
122,122 - Baluarte,-23.600724,-46.675455,1,15,0.06666666666666667,0.9333333333333333,0.06666666666666667,0,True,Vila Olímpia,39485,11500,3948.5,-0.10867651531726685,0.1753431819839335
123,123 - R. Santa Justina,-23.5948089866643,-46.6749451529719,7,11,0.6363636363636364,0.36363636363636365,0.6363636363636364,-1,False,Vila Olímpia,39485,11500,3948.5,-0.10867651531726685,0.7450401516809032
124,124 - Praça Pereira Coutinho,-23.5940306200704,-46.6692773588711,0,15,0.0,1.0,0.0,0,True,Itaim Bibi,81456,12000,8145.6,-1.5734870756585242,1.5734870756585242
125,125 - Natividade,-23.5972296670023,-46.6716583619071,5,11,0.45454545454545453,0.5454545454545454,0.45454545454545453,-1,False,Vila Olímpia,39485,11500,3948.5,-0.10867651531726685,0.5632219698627214
126,126 - Graúna,-23.6013401704407,-46.6711916347834,0,11,0.0,1.0,0.0,0,True,Moema,83368,9800,8336.8,-0.008142117246223934,0.008142117246223934
127,127 - Jacutinga,-23.600369824627,-46.668921020279,2,11,0.18181818181818182,0.8181818181818181,0.18181818181818182,0,True,Moema,83368,9800,8336.8,-0.008142117246223934,0.18996029906440576
129,129 - Praça do Pombo,-23.603478,-46.664001,5,15,0.3333333333333333,0.6666666666666667,0.3333333333333333,-1,False,Moema,83368,9800,8336.8,-0.008142117246223934,0.34147545057955725
131,131 - Ibirapuera Portão 06,-23.593685,-46.660042,9,19,0.47368421052631576,0.5263157894736843,0.47368421052631576,-1,False,Moema,83368,9800,8336.8,-0.008142117246223934,0.4818263277725397
132,132 - Ibirapuera Portão 05,-23.5921163886911,-46.6553996394387,4,19,0.21052631578947367,0.7894736842105263,0.21052631578947367,-1,True,Moema,83368,9800,8336.8,-0.008142117246223934,0.2186684330356976
135,135 - Ibirapuera Portão 10,-23.582078,-46.657321,4,23,0.17391304347826086,0.8260869565217391,0.17391304347826086,-1,True,Itaim Bibi,81456,12000,8145.6,-1.5734870756585242,1.7474001191367852
136,457 - Haddock Lobo,-23.5563524,-46.6596949,0,11,0.0,1.0,0.0,-1,True,Consolação,57365,7500,5736.5,2.360700773354271,-2.360700773354271
138,138 - Chilon,-23.5936014851943,-46.6800723302731,2,19,0.10526315789473684,0.8947368421052632,0.10526315789473684,0,True,Vila Olímpia,39485,11500,3948.5,-0.10867651531726685,0.2139396732120037
140,140 - JK Iguatemi,-23.590773597943684,-46.688757803683266,15,19,0.7894736842105263,0.21052631578947367,0.7894736842105263,-1,False,Vila Olímpia,39485,11500,3948.5,-0.10867651531726685,0.8981501995277932
141,141 - Praça Luis Carlos Paraná,-23.5827091295632,-46.6838868603995,10,27,0.37037037037037035,0.6296296296296297,0.37037037037037035,-1,False,Itaim Bibi,81456,12000,8145.6,-1.5734870756585242,1.9438574460288947
143,143 - Rua João Cachoeira,-23.586701,-46.677361,1,19,0.05263157894736842,0.9473684210526316,0.05263157894736842,0,True,Itaim Bibi,81456,12000,8145.6,-1.5734870756585242,1.6261186546058926
144,144 - Rua Iguatemi,-23.586778592564986,-46.681167822723374,3,23,0.13043478260869565,0.8695652173913043,0.13043478260869565,0,True,Itaim Bibi,81456,12000,8145.6,-1.5734870756585242,1.7039218582672198
145,145 - CPTM Berrini,-23.6049719308606,-46.6962601886354,13,23,0.5652173913043478,0.4347826086956522,0.5652173913043478,-1,False,Brooklin,91894,9200,9189.4,0.20942384796646973,0.35579354333787805
146,146 - Ibirapuera Portão 03,-23.588615386971195,-46.65265270967836,12,23,0.5217391304347826,0.4782608695652174,0.5217391304347826,-1,False,Moema,83368,9800,8336.8,-0.008142117246223934,0.5298812476810065
150,150 - Metrô Paraíso,-23.5749909630878,-46.6415215997509,16,19,0.8421052631578947,0.1578947368421053,0.8421052631578947,-1,False,Bela Vista,63190,6200,6319.0,3.1628822441928426,-2.320776981034948
151,151 - Centro Cultural SP,-23.5697804473938,-46.6399782950921,0,23,0.0,1.0,0.0,-1,True,Bela Vista,63190,6200,6319.0,3.1628822441928426,-3.1628822441928426
153,153 - Monsenhor Passaláqua,-23.5604966383472,-46.6422656825963,5,11,0.45454545454545453,0.5454545454545454,0.45454545454545453,-1,False,Bela Vista,63190,6200,6319.0,3.1628822441928426,-2.708336789647388
154,154 - R. Condessa de São Joaquim,-23.5578839112131,-46.6397155073801,2,11,0.18181818181818182,0.8181818181818181,0.18181818181818182,-1,True,Liberdade,69092,5800,6909.2,3.3022247738891917,-3.12040659207101
156,462 - Jacarezinho,-23.57602653,-46.68882459,0,19,0.0,1.0,0.0,-1,True,Pinheiros,65364,8500,6536.4,1.4172493684297591,-1.4172493684297591
158,467 - Metrô Eucaliptos,-23.60889662,-46.66871281,5,19,0.2631578947368421,0.736842105263158,0.2631578947368421,-1,False,Moema,83368,9800,8336.8,-0.008142117246223934,0.271300011983066
162,162 - Herculano de Freitas,-23.5550645493143,-46.6520335101847,9,11,0.8181818181818182,0.18181818181818177,0.8181818181818182,-1,False,Bela Vista,63190,6200,6319.0,3.1628822441928426,-2.3447004260110242
163,163 - Paim,-23.5530167175194,-46.6510376596248,5,11,0.45454545454545453,0.5454545454545454,0.45454545454545453,-1,False,Consolação,57365,7500,5736.5,2.360700773354271,-1.9061553188088163
167,167 - Praça Roosevelt,-23.5485777016467,-46.6471562050592,5,11,0.45454545454545453,0.5454545454545454,0.45454545454545453,-1,False,Centro,57123,4500,5712.3,4.569780326897259,-4.115234872351805
168,473 - Aratãs,-23.60747033,-46.66538038,5,19,0.2631578947368421,0.736842105263158,0.2631578947368421,-1,False,Moema,83368,9800,8336.8,-0.008142117246223934,0.271300011983066
169,169 - Rua São Domingos,-23.552657354472,-46.6423831739113,11,11,1.0,0.0,1.0,-1,False,Centro,57123,4500,5712.3,4.569780326897259,-3.569780326897259
175,175 - R. Luis Coelho,-23.5579898497291,-46.6579877600663,8,19,0.42105263157894735,0.5789473684210527,0.42105263157894735,-1,False,Consolação,57365,7500,5736.5,2.360700773354271,-1.9396481417753235
176,176 - R. Cel. Xavier de Toledo,-23.547640346185,-46.6406185501522,9,23,0.391304347826087,0.6086956521739131,0.391304347826087,-1,False,Centro,57123,4500,5712.3,4.569780326897259,-4.178475979071172
177,177 - Av. São João,-23.5428158801363,-46.6395339948596,4,11,0.36363636363636365,0.6363636363636364,0.36363636363636365,-1,False,Centro,57123,4500,5712.3,4.569780326897259,-4.206143963260896
178,178 - Av. São Luís,-23.5456630543638,-46.6432462652324,10,15,0.6666666666666666,0.33333333333333337,0.6666666666666666,-1,False,Centro,57123,4500,5712.3,4.569780326897259,-3.9031136602305927
181,181 - Metrô Santa Cecília,-23.5398674287039,-46.6498022180738,11,11,1.0,0.0,1.0,-1,False,Santa Cecília,83717,6800,8371.7,2.1854807608689697,-1.1854807608689697
182,479 - Pq. Augusta,-23.54910041,-46.64845066,13,19,0.6842105263157895,0.3157894736842105,0.6842105263157895,-1,False,Centro,57123,4500,5712.3,4.569780326897259,-3.88556980058147
183,183 - Mackenzie,-23.546492,-46.650393,8,15,0.5333333333333333,0.4666666666666667,0.5333333333333333,-1,False,Consolação,57365,7500,5736.5,2.360700773354271,-1.8273674400209377
184,481 - Martim Francisco,-23.53999026,-46.65282037,6,19,0.3157894736842105,0.6842105263157895,0.3157894736842105,-1,False,Santa Cecília,83717,6800,8371.7,2.1854807608689697,-1.869691287184759
187,187 - Parque Buenos Aires,-23.5456065509866,-46.6570562938632,0,11,0.0,1.0,0.0,-1,True,Consolação,57365,7500,5736.5,2.360700773354271,-2.360700773354271
189,189 - CEMG Faria Lima,-23.5706120024434,-46.6904882733558,15,23,0.6521739130434783,0.34782608695652173,0.6521739130434783,-1,False,Pinheiros,65364,8500,6536.4,1.4172493684297591,-0.7650754553862809
190,70 -- Alameda Casa Branca,-23.5678391124139,-46.6640697432797,0,15,0.0,1.0,0.0,-1,True,Bela Vista,63190,6200,6319.0,3.1628822441928426,-3.1628822441928426
193,193 - Praça Monte Castelo,-23.569908843225,-46.7080343523465,12,15,0.8,0.19999999999999996,0.8,-1,False,Pinheiros,65364,8500,6536.4,1.4172493684297591,-0.6172493684297591
194,194 - Jaguaribe,-23.5415334086621,-46.6555547195509,3,11,0.2727272727272727,0.7272727272727273,0.2727272727272727,-1,False,Consolação,57365,7500,5736.5,2.360700773354271,-2.0879735006269984
196,196 - Alameda Barros,-23.5369791042457,-46.6541473967476,8,11,0.7272727272727273,0.2727272727272727,0.7272727272727273,-1,False,Santa Cecília,83717,6800,8371.7,2.1854807608689697,-1.4582080335962424
198,198 - Marechal Deodoro,-23.5358897652191,-46.656765280581,5,11,0.45454545454545453,0.5454545454545454,0.45454545454545453,-1,False,Santa Cecília,83717,6800,8371.7,2.1854807608689697,-1.730935306323515
204,204 - Consolação,-23.556727,-46.664197,1,19,0.05263157894736842,0.9473684210526316,0.05263157894736842,-1,True,Consolação,57365,7500,5736.5,2.360700773354271,-2.3080691944069023
207,207 - Bela Cintra,-23.561309,-46.670715,2,11,0.18181818181818182,0.8181818181818181,0.18181818181818182,-1,True,Vila Madalena,48501,7200,4850.1,2.812799793762065,-2.6309816119438834
211,211 - Capote Valente,-23.5608,-46.6732,1,15,0.06666666666666667,0.9333333333333333,0.06666666666666667,-1,True,Vila Madalena,48501,7200,4850.1,2.812799793762065,-2.746133127095398
215,215 - E.E. Godofredo Furtado,-23.5594417332263,-46.6784556405711,2,15,0.13333333333333333,0.8666666666666667,0.13333333333333333,-1,True,Vila Madalena,48501,7200,4850.1,2.812799793762065,-2.6794664604287317
216,216 - João Moura 328,-23.5621418901363,-46.6765358521077,0,15,0.0,1.0,0.0,-1,True,Vila Madalena,48501,7200,4850.1,2.812799793762065,-2.812799793762065
220,220 - R. dos Pinheiros,-23.56482,-46.68104,3,15,0.2,0.8,0.2,-1,True,Vila Madalena,48501,7200,4850.1,2.812799793762065,-2.612799793762065
222,222 - Rua Horácio Lane,-23.5587392337508,-46.6871313395988,5,15,0.3333333333333333,0.6666666666666667,0.3333333333333333,-1,False,Vila Madalena,48501,7200,4850.1,2.812799793762065,-2.4794664604287315
223,223 - Fradique Coutinho 558,-23.5620789029004,-46.6871566756018,2,19,0.10526315789473684,0.8947368421052632,0.10526315789473684,-1,True,Vila Madalena,48501,7200,4850.1,2.812799793762065,-2.7075366358673283
224,224 - Metrô Fradique Coutinho,-23.5655318803865,-46.6848831891663,15,27,0.5555555555555556,0.4444444444444444,0.5555555555555556,-1,False,Vila Madalena,48501,7200,4850.1,2.812799793762065,-2.2572442382065097
225,225 - Sampaio Vidal 530,-23.5687716945858,-46.6841990407743,6,15,0.4,0.6,0.4,-1,False,Vila Madalena,48501,7200,4850.1,2.812799793762065,-2.412799793762065
227,227 - R. Simão Álvares,-23.5610082884253,-46.6908515920839,7,15,0.4666666666666667,0.5333333333333333,0.4666666666666667,-1,False,Pinheiros,65364,8500,6536.4,1.4172493684297591,-0.9505827017630925
229,229 - R. Artur de Azevedo,-23.5661229934209,-46.6876470783052,9,11,0.8181818181818182,0.18181818181818177,0.8181818181818182,-1,False,Pinheiros,65364,8500,6536.4,1.4172493684297591,-0.5990675502479409
231,231 - Instituto Tomie Ohtake,-23.5614126775109,-46.6953706304033,7,11,0.6363636363636364,0.36363636363636365,0.6363636363636364,-1,False,Pinheiros,65364,8500,6536.4,1.4172493684297591,-0.7808857320661228
232,232 - Rua Sumidouro,-23.5652988887731,-46.695663653168,8,19,0.42105263157894735,0.5789473684210527,0.42105263157894735,-1,False,Pinheiros,65364,8500,6536.4,1.4172493684297591,-0.9961967368508118
234,234 - Praça Roquete Pinto,-23.5587771000465,-46.699386022988,7,15,0.4666666666666667,0.5333333333333333,0.4666666666666667,-1,False,Pinheiros,65364,8500,6536.4,1.4172493684297591,-0.9505827017630925
240,240 - Praça Panamericana,-23.5541789045117,-46.707987125315,0,19,0.0,1.0,0.0,-1,True,Pinheiros,65364,8500,6536.4,1.4172493684297591,-1.4172493684297591
241,241 - CPTM Cidade Universitária,-23.5567967829597,-46.7109312356492,8,19,0.42105263157894735,0.5789473684210527,0.42105263157894735,-1,False,Pinheiros,65364,8500,6536.4,1.4172493684297591,-0.9961967368508118
242,242 - Letras,-23.5626317229985,-46.7261720365212,0,11,0.0,1.0,0.0,-1,True,Pinheiros,65364,8500,6536.4,1.4172493684297591,-1.4172493684297591
243,243 - Bancos/Reitoria,-23.5599272394511,-46.72710617306,1,23,0.043478260869565216,0.9565217391304348,0.043478260869565216,-1,True,Pinheiros,65364,8500,6536.4,1.4172493684297591,-1.373771107560194
244,244 - Metrô Butantã,-23.570594,-46.707938,18,19,0.9473684210526315,0.052631578947368474,0.9473684210526315,-1,False,Pinheiros,65364,8500,6536.4,1.4172493684297591,-0.4698809473771276
245,245 - P1,-23.5654280569129,-46.7129912900556,12,15,0.8,0.19999999999999996,0.8,-1,False,Pinheiros,65364,8500,6536.4,1.4172493684297591,-0.6172493684297591
247,247 - CEPE,-23.562020824986,-46.7175716449639,4,27,0.14814814814814814,0.8518518518518519,0.14814814814814814,-1,True,Pinheiros,65364,8500,6536.4,1.4172493684297591,-1.269101220281611
248,248 - Biblioteca Brasiliana,-23.5625149269804,-46.722825563147,0,27,0.0,1.0,0.0,-1,True,Pinheiros,65364,8500,6536.4,1.4172493684297591,-1.4172493684297591
252,252 - Psicologia,-23.5551999484936,-46.7241492890766,4,11,0.36363636363636365,0.6363636363636364,0.36363636363636365,-1,False,Pinheiros,65364,8500,6536.4,1.4172493684297591,-1.0536130047933954
253,253 - Pedalusp Biênio,-23.5560950313374,-46.7322053771584,4,23,0.17391304347826086,0.8260869565217391,0.17391304347826086,-1,True,Pinheiros,65364,8500,6536.4,1.4172493684297591,-1.2433363249514984
254,254 - Terminal de Ônibus USP,-23.557297543107648,-46.720309393864646,15,15,1.0,0.0,1.0,-1,False,Pinheiros,65364,8500,6536.4,1.4172493684297591,-0.4172493684297591
256,256 - Bandejão Prefeitura,-23.5597355337842,-46.7398201170462,0,15,0.0,1.0,0.0,-1,True,Pinheiros,65364,8500,6536.4,1.4172493684297591,-1.4172493684297591
262,262 - Colégio Santa Cruz,-23.5501563898634,-46.7175712669578,7,19,0.3684210526315789,0.631578947368421,0.3684210526315789,-1,False,Pinheiros,65364,8500,6536.4,1.4172493684297591,-1.0488283157981801
280,477 - Rua Arizona,-23.6148978364611,-46.687426359836,3,19,0.15789473684210525,0.8421052631578947,0.15789473684210525,-1,True,Campo Belo,67106,8800,6710.6,1.1514150559690894,-0.9935203191269841
285,285 - Posto Vila Buarque,-23.54512,-46.64764,7,11,0.6363636363636364,0.36363636363636365,0.6363636363636364,-1,False,Centro,57123,4500,5712.3,4.569780326897259,-3.933416690533623
292,292 - Rua Domingos de Moraes,-23.5789116092428,-46.640856930462,5,11,0.45454545454545453,0.5454545454545454,0.45454545454545453,-1,False,Bela Vista,63190,6200,6319.0,3.1628822441928426,-2.708336789647388
293,293 - Metrô Ana Rosa,-23.5808426571183,-46.6377561803736,11,23,0.4782608695652174,0.5217391304347826,0.4782608695652174,-1,False,Bela Vista,63190,6200,6319.0,3.1628822441928426,-2.6846213746276253
295,295 - Vergueiro,-23.5844511087101,-46.6364894393958,9,23,0.391304347826087,0.6086956521739131,0.391304347826087,-1,False,Bela Vista,63190,6200,6319.0,3.1628822441928426,-2.7715778963667557
296,296 - Largo Ana Rosa,-23.5808723459433,-46.6389882042411,0,11,0.0,1.0,0.0,-1,True,Bela Vista,63190,6200,6319.0,3.1628822441928426,-3.1628822441928426
297,297 - SESC Vila Mariana,-23.5819406080888,-46.6428930721909,8,19,0.42105263157894735,0.5789473684210527,0.42105263157894735,-1,False,Bela Vista,63190,6200,6319.0,3.1628822441928426,-2.7418296126138952
303,303 - Rio Grande,-23.5871298485912,-46.6432336771114,9,15,0.6,0.4,0.6,-1,False,Bela Vista,63190,6200,6319.0,3.1628822441928426,-2.5628822441928425
304,304 - Gandavo,-23.5918790017162,-46.6422240650602,6,11,0.5454545454545454,0.4545454545454546,0.5454545454545454,-1,False,Moema,83368,9800,8336.8,-0.008142117246223934,0.5535966627007693
307,307 - Metrô Vila Mariana,-23.5898021306398,-46.6350854815602,7,23,0.30434782608695654,0.6956521739130435,0.30434782608695654,-1,False,Bela Vista,63190,6200,6319.0,3.1628822441928426,-2.858534418105886
308,308 - Rua Cunha,-23.5950450453396,-46.6376374921996,3,15,0.2,0.8,0.2,-1,True,Moema,83368,9800,8336.8,-0.008142117246223934,0.20814211724622395
309,408 - Hélio Pellegrino,-23.597741851622057,-46.66891624271391,3,19,0.15789473684210525,0.8421052631578947,0.15789473684210525,0,True,Moema,83368,9800,8336.8,-0.008142117246223934,0.1660368540883292
313,313 - Metrô AACD Servidor,-23.5976149401058,-46.6527798263341,7,15,0.4666666666666667,0.5333333333333333,0.4666666666666667,-1,False,Moema,83368,9800,8336.8,-0.008142117246223934,0.4748087839128906
315,315 - Metrô Hospital São Paulo,-23.5981107484271,-46.6469924961933,15,19,0.7894736842105263,0.21052631578947367,0.7894736842105263,-1,False,Moema,83368,9800,8336.8,-0.008142117246223934,0.7976158014567503
317,317 - R. Leonardo Nunes,-23.5987326403293,-46.6391030550847,1,15,0.06666666666666667,0.9333333333333333,0.06666666666666667,-1,True,Moema,83368,9800,8336.8,-0.008142117246223934,0.0748087839128906
319,319 - Metrô Moema,-23.6037621017182,-46.6616847898962,17,27,0.6296296296296297,0.37037037037037035,0.6296296296296297,-1,False,Moema,83368,9800,8336.8,-0.008142117246223934,0.6377717468758536
322,322 - Metrô Eucaliptos,-23.609452586953,-46.6681444400963,12,27,0.4444444444444444,0.5555555555555556,0.4444444444444444,-1,False,Moema,83368,9800,8336.8,-0.008142117246223934,0.45258656169066835
325,325 - Pintassilgo,-23.6042556584336,-46.6742727797395,6,11,0.5454545454545454,0.4545454545454546,0.5454545454545454,-1,False,Moema,83368,9800,8336.8,-0.008142117246223934,0.5535966627007693
332,332 - Rua Nova York,-23.6107351221245,-46.6804598847155,9,11,0.8181818181818182,0.18181818181818177,0.8181818181818182,-1,False,Campo Belo,67106,8800,6710.6,1.1514150559690894,-0.3332332377872712
333,333 - Rua Flórida 53,-23.6170138247081,-46.6813978502872,10,15,0.6666666666666666,0.33333333333333337,0.6666666666666666,-1,False,Campo Belo,67106,8800,6710.6,1.1514150559690894,-0.4847483893024228
334,334 - R. Pe. Antônio,-23.6129704331121,-46.6832068389874,7,15,0.4666666666666667,0.5333333333333333,0.4666666666666667,-1,False,Campo Belo,67106,8800,6710.6,1.1514150559690894,-0.6847483893024228
335,335 - R. Ribeiro do Vale,-23.6106846259976,-46.6859131865383,9,10,0.9,0.09999999999999998,0.9,-1,False,Campo Belo,67106,8800,6710.6,1.1514150559690894,-0.2514150559690894
336,336 - Flórida 1020,-23.6110922047536,-46.6889117358413,5,11,0.45454545454545453,0.5454545454545454,0.45454545454545453,-1,False,Campo Belo,67106,8800,6710.6,1.1514150559690894,-0.6968696014236349
339,339 - R. Min. Luiz Gallotti,-23.6188143994929,-46.6839186756531,18,27,0.6666666666666666,0.33333333333333337,0.6666666666666666,-1,False,Campo Belo,67106,8800,6710.6,1.1514150559690894,-0.4847483893024228
351,499 - Cinemateca,-23.59211,-46.64664,11,19,0.5789473684210527,0.42105263157894735,0.5789473684210527,-1,False,Moema,83368,9800,8336.8,-0.008142117246223934,0.5870894856672766
352,260 - P3,-23.5682352949967,-46.7407149326958,1,15,0.06666666666666667,0.9333333333333333,0.06666666666666667,-1,True,Pinheiros,65364,8500,6536.4,1.4172493684297591,-1.3505827017630925
353,258 - Odontologia,-23.5670983269173,-46.7377390474673,0,11,0.0,1.0,0.0,-1,True,Pinheiros,65364,8500,6536.4,1.4172493684297591,-1.4172493684297591
354,354 - Praça Oswaldo Cruz,-23.5716043779296,-46.6442662143517,0,11,0.0,1.0,0.0,-1,True,Bela Vista,63190,6200,6319.0,3.1628822441928426,-3.1628822441928426
356,257 - Hospital Universitário,-23.563675157567,-46.7415201080188,0,15,0.0,1.0,0.0,-1,True,Pinheiros,65364,8500,6536.4,1.4172493684297591,-1.4172493684297591
357,251 - FAU,-23.559303418872275,-46.73011890367904,3,23,0.13043478260869565,0.8695652173913043,0.13043478260869565,-1,True,Pinheiros,65364,8500,6536.4,1.4172493684297591,-1.2868145858210636
370,259 - Vila Indiana,-23.5685409711413,-46.7318266369691,0,23,0.0,1.0,0.0,-1,True,Pinheiros,65364,8500,6536.4,1.4172493684297591,-1.4172493684297591
373,263 - Praça Beethoven,-23.5470791934803,-46.7162932669707,7,15,0.4666666666666667,0.5333333333333333,0.4666666666666667,-1,False,Pinheiros,65364,8500,6536.4,1.4172493684297591,-0.9505827017630925
374,264 - Parque Villa Lobos Portão 2,-23.54346224854284,-46.725929774890005,10,19,0.5263157894736842,0.4736842105263158,0.5263157894736842,-1,False,Pinheiros,65364,8500,6536.4,1.4172493684297591,-0.890933578956075
387,246 - Portão CPTM,-23.5601005487719,-46.7131577012467,10,23,0.43478260869565216,0.5652173913043479,0.43478260869565216,-1,False,Pinheiros,65364,8500,6536.4,1.4172493684297591,-0.982466759734107
391,250 - Bandejão Química,-23.564559,-46.723564,1,27,0.037037037037037035,0.962962962962963,0.037037037037037035,-1,True,Pinheiros,65364,8500,6536.4,1.4172493684297591,-1.3802123313927221
394,249 - Bandejão Central,-23.55981663388075,-46.72268965684082,14,39,0.358974358974359,0.641025641025641,0.358974358974359,-1,False,Pinheiros,65364,8500,6536.4,1.4172493684297591,-1.0582750094554
399,255 - Bandejão Física,-23.5606860577466,-46.7356926767203,0,19,0.0,1.0,0.0,-1,True,Pinheiros,65364,8500,6536.4,1.4172493684297591,-1.4172493684297591
405,173 - Largo de São Bento,-23.54402567,-46.63454504,6,15,0.4,0.6,0.4,-1,False,Centro,57123,4500,5712.3,4.569780326897259,-4.169780326897259
406,171 - Praça da Liberdade,-23.5561474,-46.63624180000001,5,19,0.2631578947368421,0.736842105263158,0.2631578947368421,-1,False,Liberdade,69092,5800,6909.2,3.3022247738891917,-3.0390668791523496
408,237 - BNH Vila Madalena,-23.55435409,-46.69622889,4,15,0.26666666666666666,0.7333333333333334,0.26666666666666666,-1,False,Pinheiros,65364,8500,6536.4,1.4172493684297591,-1.1505827017630925
409,320 - Av. Jandira,-23.6064909,-46.663251,5,15,0.3333333333333333,0.6666666666666667,0.3333333333333333,-1,False,Moema,83368,9800,8336.8,-0.008142117246223934,0.34147545057955725
410,282 - Cunha Horta,-23.546229818994608,-46.64839843168885,3,15,0.2,0.8,0.2,-1,True,Centro,57123,4500,5712.3,4.569780326897259,-4.369780326897259
411,235 - CPTM Hebraica Rebouças,-23.57306366,-46.69823431,2,17,0.11764705882352941,0.8823529411764706,0.11764705882352941,-1,True,Pinheiros,65364,8500,6536.4,1.4172493684297591,-1.2996023096062297
412,156 - Praça Dom Orione,-23.55988804,-46.64540098,1,11,0.09090909090909091,0.9090909090909091,0.09090909090909091,-1,True,Bela Vista,63190,6200,6319.0,3.1628822441928426,-3.0719731532837518
414,2 - SESC Pinheiros,-23.56692,-46.69819,6,15,0.4,0.6,0.4,-1,False,Pinheiros,65364,8500,6536.4,1.4172493684297591,-1.0172493684297592
421,312 - Parque da Bicicletas,-23.6005561179321,-46.6577541150754,4,15,0.26666666666666666,0.7333333333333334,0.26666666666666666,-1,False,Moema,83368,9800,8336.8,-0.008142117246223934,0.2748087839128906
422,130 - Afonso Braz,-23.5958920911892,-46.6641781648402,4,19,0.21052631578947367,0.7894736842105263,0.21052631578947367,-1,True,Moema,83368,9800,8336.8,-0.008142117246223934,0.2186684330356976
435,39 - Rua Jesuino Arruda,-23.581559891340504,-46.67270008886336,5,15,0.3333333333333333,0.6666666666666667,0.3333333333333333,-1,False,Itaim Bibi,81456,12000,8145.6,-1.5734870756585242,1.9068204089918575
444,142 - Minhocão,-23.5317430614974,-46.6591867859776,6,15,0.4,0.6,0.4,-1,False,Santa Cecília,83717,6800,8371.7,2.1854807608689697,-1.7854807608689698
446,290 - Metrô Marechal Deodoro,-23.5337422,-46.657056,11,19,0.5789473684210527,0.42105263157894735,0.5789473684210527,-1,False,Santa Cecília,83717,6800,8371.7,2.1854807608689697,-1.606533392447917
450,67 - Matarazzo,-23.5302119408073,-46.6661266859547,4,15,0.26666666666666666,0.7333333333333334,0.26666666666666666,-1,False,Santa Cecília,83717,6800,8371.7,2.1854807608689697,-1.918814094202303
452,407 - Praça Luis Eulalio,-23.59828,-46.67307,17,19,0.8947368421052632,0.10526315789473684,0.8947368421052632,-1,False,Vila Olímpia,39485,11500,3948.5,-0.10867651531726685,1.00341335742253
458,56 - Henrique Schaumann,-23.5578862207592,-46.6818450911924,1,11,0.09090909090909091,0.9090909090909091,0.09090909090909091,-1,True,Vila Madalena,48501,7200,4850.1,2.812799793762065,-2.721890702852974
464,159 - Metrô São Joaquim,-23.562835382084767,-46.63829651323418,10,19,0.5263157894736842,0.4736842105263158,0.5263157894736842,-1,False,Liberdade,69092,5800,6909.2,3.3022247738891917,-2.7759089844155076
465,270 - Praça Portugal,-23.5645330138706,-46.6780573829128,5,11,0.45454545454545453,0.5454545454545454,0.45454545454545453,-1,False,Vila Madalena,48501,7200,4850.1,2.812799793762065,-2.3582543392166104
467,281 - Rua Cel. Joaquim Ferreira Lobo II,-23.59280085840878,-46.680180769805894,0,35,0.0,1.0,0.0,0,True,Vila Olímpia,39485,11500,3948.5,-0.10867651531726685,0.10867651531726685
468,287 - Largo Padre Péricles,-23.5312748251908,-46.6630801969376,7,15,0.4666666666666667,0.5333333333333333,0.4666666666666667,-1,False,Santa Cecília,83717,6800,8371.7,2.1854807608689697,-1.718814094202303
469,311 - Luis Góis,-23.6042263595434,-46.6369958975112,12,15,0.8,0.19999999999999996,0.8,-1,False,Moema,83368,9800,8336.8,-0.008142117246223934,0.808142117246224
473,166 - Metrô Higienópolis Mackenzie,-23.5490344,-46.6516461,4,11,0.36363636363636365,0.6363636363636364,0.36363636363636365,-1,False,Consolação,57365,7500,5736.5,2.360700773354271,-1.997064409717907
474,271 - Rua Pedroso de Moraes,-23.568702,-46.687872,9,15,0.6,0.4,0.6,-1,False,Pinheiros,65364,8500,6536.4,1.4172493684297591,-0.8172493684297591
475,291 - Praça Olavo Bilac,-23.533946359146277,-46.652728014164964,9,19,0.47368421052631576,0.5263157894736843,0.47368421052631576,-1,False,Santa Cecília,83717,6800,8371.7,2.1854807608689697,-1.711796550342654
510,399 - Divino Salvador,-23.6063581937549,-46.658132680469,12,15,0.8,0.19999999999999996,0.8,-1,False,Moema,83368,9800,8336.8,-0.008142117246223934,0.808142117246224
522,450 - Tabapuã,-23.583125061273908,-46.678414800463976,6,11,0.5454545454545454,0.4545454545454546,0.5454545454545454,-1,False,Itaim Bibi,81456,12000,8145.6,-1.5734870756585242,2.11894162111307
523,453 - Lopes Amaral,-23.5912197048481,-46.6771228501369,0,19,0.0,1.0,0.0,0,True,Vila Olímpia,39485,11500,3948.5,-0.10867651531726685,0.10867651531726685
525,469 - Insper - Uberabinha,-23.598937,-46.676138,0,19,0.0,1.0,0.0,0,True,Vila Olímpia,39485,11500,3948.5,-0.10867651531726685,0.10867651531726685
527,452 - Urussuí,-23.5848738708584,-46.6767011328237,1,11,0.09090909090909091,0.9090909090909091,0.09090909090909091,0,True,Itaim Bibi,81456,12000,8145.6,-1.5734870756585242,1.664396166567615
538,116 - Housi Faria Lima,-23.595770102430066,-46.680116396789536,2,7,0.2857142857142857,0.7142857142857143,0.2857142857142857,-1,False,Vila Olímpia,39485,11500,3948.5,-0.10867651531726685,0.39439080103155255
551,451 - Clodomiro Amazonas,-23.5859675,-46.6793726,7,19,0.3684210526315789,0.631578947368421,0.3684210526315789,-1,False,Itaim Bibi,81456,12000,8145.6,-1.5734870756585242,1.9419081282901032
552,439 - Praça Faria Lima,-23.5935199,-46.6803285,1,19,0.05263157894736842,0.9473684210526316,0.05263157894736842,0,True,Vila Olímpia,39485,11500,3948.5,-0.10867651531726685,0.16130809426463527
553,444 - Vila Olimpia,-23.59469,-46.686,6,19,0.3157894736842105,0.6842105263157895,0.3157894736842105,-1,False,Vila Olímpia,39485,11500,3948.5,-0.10867651531726685,0.42446598900147736
554,447 - R. Campos Bicudo,-23.58099,-46.68263,3,19,0.15789473684210525,0.8421052631578947,0.15789473684210525,0,True,Itaim Bibi,81456,12000,8145.6,-1.5734870756585242,1.7313818125006295
556,443 - Cardoso Melo III,-23.59644,-46.68855,5,15,0.3333333333333333,0.6666666666666667,0.3333333333333333,-1,False,Vila Olímpia,39485,11500,3948.5,-0.10867651531726685,0.44200984865060017
557,468 - Átilo Innocenti,-23.58861,-46.68113,1,15,0.06666666666666667,0.9333333333333333,0.06666666666666667,0,True,Vila Olímpia,39485,11500,3948.5,-0.10867651531726685,0.1753431819839335
561,55 - Garimpeiros,-23.58975,-46.68558,5,19,0.2631578947368421,0.736842105263158,0.2631578947368421,-1,False,Vila Olímpia,39485,11500,3948.5,-0.10867651531726685,0.37183441005410894
563,419 - R. Tuim II,-23.59846,-46.66696,4,15,0.26666666666666666,0.7333333333333334,0.26666666666666666,-1,False,Moema,83368,9800,8336.8,-0.008142117246223934,0.2748087839128906
564,440 - R. Ivo Frasca,-23.5942,-46.67398,0,15,0.0,1.0,0.0,0,True,Vila Olímpia,39485,11500,3948.5,-0.10867651531726685,0.10867651531726685
566,498 - Parque do Povo 2,-23.58631,-46.68691,10,15,0.6666666666666666,0.33333333333333337,0.6666666666666666,-1,False,Vila Olímpia,39485,11500,3948.5,-0.10867651531726685,0.7753431819839335
568,484 - Fórum João Mendes,-23.55173,-46.63486,4,15,0.26666666666666666,0.7333333333333334,0.26666666666666666,-1,False,Centro,57123,4500,5712.3,4.569780326897259,-4.303113660230593
569,522 - R. Vergueiro x Baltazar Lisboa,-23.58681,-46.63469,5,15,0.3333333333333333,0.6666666666666667,0.3333333333333333,-1,False,Bela Vista,63190,6200,6319.0,3.1628822441928426,-2.829548910859509
570,8 - Largo da Batata III,-23.5672,-46.69548,19,19,1.0,0.0,1.0,-1,False,Pinheiros,65364,8500,6536.4,1.4172493684297591,-0.4172493684297591
571,410 - Al. dos Maracantins,-23.60974,-46.66284,8,15,0.5333333333333333,0.4666666666666667,0.5333333333333333,-1,False,Moema,83368,9800,8336.8,-0.008142117246223934,0.5414754505795573
573,519 - Praça Afrodisio Vidigal,-23.57748,-46.64081,14,15,0.9333333333333333,0.06666666666666665,0.9333333333333333,-1,False,Bela Vista,63190,6200,6319.0,3.1628822441928426,-2.229548910859509
578,423 - Vupabussu,-23.55977,-46.69695,6,15,0.4,0.6,0.4,-1,False,Pinheiros,65364,8500,6536.4,1.4172493684297591,-1.0172493684297592
582,455 - Miriti,-23.59031,-46.68351,2,19,0.10526315789473684,0.8947368421052632,0.10526315789473684,0,True,Vila Olímpia,39485,11500,3948.5,-0.10867651531726685,0.2139396732120037
585,496 - Avenida JK,-23.58876,-46.67642,1,15,0.06666666666666667,0.9333333333333333,0.06666666666666667,0,True,Itaim Bibi,81456,12000,8145.6,-1.5734870756585242,1.6401537423251908
587,511 - Paulista - Pq. Mário  Covas,-23.56008,-46.65822,3,11,0.2727272727272727,0.7272727272727273,0.2727272727272727,-1,False,Consolação,57365,7500,5736.5,2.360700773354271,-2.0879735006269984
590,428 - R. dos Pinheiros II,-23.56758,-46.68716,6,15,0.4,0.6,0.4,-1,False,Pinheiros,65364,8500,6536.4,1.4172493684297591,-1.0172493684297592
592,434 - Praça Procópio Ferreira II,-23.59955,-46.69074,0,15,0.0,1.0,0.0,-1,True,Vila Olímpia,39485,11500,3948.5,-0.10867651531726685,0.10867651531726685
593,456 - Fidêncio Ramos,-23.59439,-46.68433,6,15,0.4,0.6,0.4,-1,False,Vila Olímpia,39485,11500,3948.5,-0.10867651531726685,0.5086765153172669
595,510 - Paulista - Teixeira da Silva,-23.56979,-46.6465,3,11,0.2727272727272727,0.7272727272727273,0.2727272727272727,-1,False,Bela Vista,63190,6200,6319.0,3.1628822441928426,-2.89015497146557
597,506 - Santa Cecília,-23.54068,-46.64856,1,15,0.06666666666666667,0.9333333333333333,0.06666666666666667,-1,True,Santa Cecília,83717,6800,8371.7,2.1854807608689697,-2.118814094202303
598,507 - General Jardim,-23.5448,-46.64624,7,15,0.4666666666666667,0.5333333333333333,0.4666666666666667,-1,False,Centro,57123,4500,5712.3,4.569780326897259,-4.103113660230592
599,508 - Av. Ipiranga,-23.5468,-46.646,5,10,0.5,0.5,0.5,-1,False,Centro,57123,4500,5712.3,4.569780326897259,-4.069780326897259
601,266 - Méqui Verde,-23.57364,-46.64214,0,7,0.0,1.0,0.0,-1,True,Bela Vista,63190,6200,6319.0,3.1628822441928426,-3.1628822441928426
603,448 - Renato Paes de Barros,-23.584989121757527,-46.67328100587314,1,15,0.06666666666666667,0.9333333333333333,0.06666666666666667,0,True,Itaim Bibi,81456,12000,8145.6,-1.5734870756585242,1.6401537423251908
605,514 - R. Viradouro,-23.5856571,-46.6811568,1,15,0.06666666666666667,0.9333333333333333,0.06666666666666667,0,True,Itaim Bibi,81456,12000,8145.6,-1.5734870756585242,1.6401537423251908
610,180 - Largo do Arouche,-23.5405397962493,-46.6450250865799,8,15,0.5333333333333333,0.4666666666666667,0.5333333333333333,-1,False,Centro,57123,4500,5712.3,4.569780326897259,-4.036446993563926
615,523 - R. Baluarte,-23.59758,-46.67515,3,15,0.2,0.8,0.2,0,True,Vila Olímpia,39485,11500,3948.5,-0.10867651531726685,0.30867651531726686
619,445 - Horácio Lafer,-23.5877136,-46.68513230000001,6,15,0.4,0.6,0.4,-1,False,Vila Olímpia,39485,11500,3948.5,-0.10867651531726685,0.5086765153172669
620,426 - Fiandeiras,-23.5963789,-46.6793465,3,15,0.2,0.8,0.2,0,True,Vila Olímpia,39485,11500,3948.5,-0.10867651531726685,0.30867651531726686
622,Base - Batatão,0.0,0.0,198,1,198.0,-197.0,198.0,-1,False,Centro,57123,4500,5712.3,4.569780326897259,193.43021967310273
628,517 - Travessa Hélio Pellegrino,-23.59874,-46.67144,3,15,0.2,0.8,0.2,0,True,Vila Olímpia,39485,11500,3948.5,-0.10867651531726685,0.30867651531726686
629,109 - Praça Oswaldo Varella.,-23.603330556072386,-46.69256721103667,5,19,0.2631578947368421,0.736842105263158,0.2631578947368421,-1,False,Brooklin,91894,9200,9189.4,0.20942384796646973,0.05373404677037236
